{
    "volume": 33.680606515306586,
    "scale": 1.0033222835420892
}