{
    "elastic_tensor": [
        68.57209480000023,
        31.50740160000011,
        36.64323580000014,
        -12.408554980000043,
        -1.904252800000045e-05,
        9.967380000000631e-06,
        31.48337360000012,
        68.61756660000026,
        36.65944160000013,
        12.46393668000004,
        -1.1973548000000435e-05,
        8.078292000000647e-06,
        36.66714040000013,
        36.66714060000013,
        65.53314920000022,
        2.404559800000044e-08,
        -2.6121812000000506e-05,
        1.2135814000000639e-05,
        -12.365899200000008,
        12.578132800000006,
        0.2284053699999998,
        22.917140500000013,
        1.3416346000000018e-05,
        -8.113407000000024e-06,
        -1.4460000000231266e-05,
        -1.0013999999987343e-05,
        -2.5610000000399075e-05,
        1.3139000000091572e-05,
        22.919593500000015,
        -12.473150500000008,
        4.221000000039412e-06,
        8.185999999812276e-06,
        9.39399999996021e-06,
        -1.0004999999936818e-05,
        -12.403935500000006,
        18.541594200000013
    ],
    "BV": 45.816727133333494,
    "GV": 19.403181080000028,
    "EV": 51.008866823427745,
    "uV": 0.314445982159222
}