{
    "volume": 34.347549218579985,
    "scale": 1.009901634049961
}