{
    "volume": 34.68102057021669,
    "scale": 1.0131594038201772
}