{
    "volume": 32.68019246039649,
    "scale": 0.9932883883792687
}