{
    "volume": 32.346721108759795,
    "scale": 0.9898982992491293
}