{
    "[3, 3, 3]-task.000000": [
        -6.430076333333545,
        -1660.169,
        -1653.7389236666666
    ],
    "[3, 3, 3]-task.000001": [
        5.928093999999874,
        -1658.0825,
        -1664.0105939999999
    ],
    "[3, 3, 3]-task.000002": [
        5.950693999999885,
        -1658.0599,
        -1664.0105939999999
    ]
}