{
    "volume": 35.014491921853384,
    "scale": 1.0163963568148535
}