{
    "type": "eos",
    "vol_start": 0.9,
    "vol_end": 1.1,
    "vol_step": 0.01,
    "reproduce": false,
    "vol_abs": false,
    "cal_type": "relaxation",
    "cal_setting": {
        "relax_pos": true,
        "relax_shape": false,
        "relax_vol": false
    },
    "scale2equi": [
        0.9654893846056297,
        0.9690521083433501,
        0.972588826218856,
        0.9761000076685077,
        0.9795861087155615,
        0.9830475724915585,
        0.986484829732188,
        0.9898982992491293,
        0.9932883883792687,
        0.9966554934125964,
        1.0,
        1.0033222835420892,
        1.006622709560113,
        1.009901634049961,
        1.0131594038201772,
        1.0163963568148535,
        1.0196128224222163,
        1.0228091217696715,
        1.0259855680060181,
        1.0291424665715065
    ]
}