{
    "volume": 30.3458929989396,
    "scale": 0.9690521083433501
}