{
    "volume": 31.6797784054864,
    "scale": 0.9830475724915585
}