{
    "volume": 36.01490597676349,
    "scale": 1.0259855680060181
}