{
    "volume": 32.01324975712309,
    "scale": 0.986484829732188
}