{
    "volume": 33.013663812033194,
    "scale": 0.9966554934125964
}