{
    "volume": 31.012835702213,
    "scale": 0.9761000076685077
}