{
    "volume": 34.01407786694329,
    "scale": 1.006622709560113
}