{
    "volume": 31.3463070538497,
    "scale": 0.9795861087155615
}