{
    "volume": 30.6793643505763,
    "scale": 0.972588826218856
}