{
    "volume": 36.34837732840018,
    "scale": 1.0291424665715065
}