{
    "30.0124216473029": -4.048232933333334,
    "30.3458929989396": -4.0608502,
    "30.6793643505763": -4.071784666666667,
    "31.012835702213": -4.0811134000000004,
    "31.3463070538497": -4.0889196,
    "31.6797784054864": -4.0952904666666665,
    "32.01324975712309": -4.100315066666666,
    "32.346721108759795": -4.104082133333333,
    "32.68019246039649": -4.1066774666666666,
    "33.013663812033194": -4.108181666666667,
    "33.34713516366989": -4.1086681333333335,
    "33.680606515306586": -4.108202,
    "34.01407786694329": -4.106840133333333,
    "34.347549218579985": -4.1046328,
    "34.68102057021669": -4.1016256,
    "35.014491921853384": -4.0978624,
    "35.34796327349009": -4.0933877333333335,
    "35.68143462512678": -4.088249066666666,
    "36.01490597676349": -4.082499133333333,
    "36.34837732840018": -4.076198266666667
}