{
    "volume": 35.34796327349009,
    "scale": 1.0196128224222163
}