{
    "volume": 35.68143462512678,
    "scale": 1.0228091217696715
}