{
    "0.0": [
        0.0,
        -2.6755378333333337,
        -4.1086681333333335
    ],
    "0.05": [
        -2.7429065259990812,
        -2.7227973333333333,
        -4.1086681333333335
    ],
    "0.1": [
        -2.742171362007433,
        -2.7227846666666666,
        -4.1086681333333335
    ],
    "0.15": [
        -2.7410879624408273,
        -2.722766,
        -4.1086681333333335
    ],
    "0.2": [
        -2.739753059403374,
        -2.722743,
        -4.1086681333333335
    ],
    "0.25": [
        0.9156080587392221,
        -2.659762166666667,
        -4.1086681333333335
    ],
    "0.3": [
        1.0826063633652714,
        -2.6568848333333337,
        -4.1086681333333335
    ],
    "0.35": [
        1.2019157406392458,
        -2.6548291666666666,
        -4.1086681333333335
    ],
    "0.4": [
        1.282948224296115,
        -2.653433,
        -4.1086681333333335
    ],
    "0.45": [
        1.3305791123857011,
        -2.6526123333333333,
        -4.1086681333333335
    ],
    "0.5": [
        2.752840913096583,
        -2.6281071666666667,
        -4.1086681333333335
    ],
    "0.55": [
        1.3305791123857011,
        -2.6526123333333333,
        -4.1086681333333335
    ],
    "0.6": [
        1.282948224296115,
        -2.653433,
        -4.1086681333333335
    ],
    "0.65": [
        1.2019157406392458,
        -2.6548291666666666,
        -4.1086681333333335
    ],
    "0.7": [
        1.0826063633652714,
        -2.6568848333333337,
        -4.1086681333333335
    ],
    "0.75": [
        0.9156080587392221,
        -2.659762166666667,
        -4.1086681333333335
    ],
    "0.8": [
        -2.739753059403374,
        -2.722743,
        -4.1086681333333335
    ],
    "0.85": [
        -2.7410879624408273,
        -2.722766,
        -4.1086681333333335
    ],
    "0.9": [
        -2.742171362007433,
        -2.7227846666666666,
        -4.1086681333333335
    ],
    "0.95": [
        -2.7429065259990812,
        -2.7227973333333333,
        -4.1086681333333335
    ],
    "1.0": [
        0.0,
        -2.6755378333333337,
        -4.1086681333333335
    ]
}