{
    "volume": 30.0124216473029,
    "scale": 0.9654893846056297
}